manifest	2b10e74260edfc7d012d210f507d705bd2cb2eb45f6e2aba2ffe304a4f245a98	-
	.github/workflows/deploy.yml	100644	e6d98cac6067f00a96a2cf7dcd2f082151885346175a30298f9d6e7fdf4f5e44
	DEPLOY.md	100644	cbafa386aa590a84067e6c37e0454455217840539b250aee0d1f35015adaf105
	LOCAL-DEV.md	100644	a5cad798ae5f8fce37cf311e9b676bd08a7756c9510ac4fcc440525779c2f29c
	backend/.env.example	100644	cbdf3bd2856abecc80ce9dafa10829e554ec35ea3a29a7b1248f8b9c238c3b53
	backend/database.py	100644	9b6b46b4d7b496777b01517f65cc28b84ea01c4cbeb656d24243f372e91483c6
	backend/tests/test_render_env_redis.py	100644	a7d5ee416b4d97342e0b7eb36b88c2825074f8eccc7512542c3a826570922107
	backend/tests/test_vector_extension_bootstrap.py	100644	4e1582f9e9e84b7ed6411153eb64b7a5949bee95d829c882df09511e398c831f
	deploy/.env.example	100644	6da95ac01210bd2041795ce76946b082b5d210357b32ddeb041049a4d4aa2a53
	deploy/docker-compose.deploy.yml	100644	1a429c0bc5df4100b836088989f83edaa5a919a5226c519e11bda21d948f07b4
	deploy/docker-compose.test.yml	100644	126866ab57d18fecfe8608fadadc724fa0898b9e96af110765c2978e0a373d77
	deploy/render-env.sh	100755	279379abaa804b33d8a9c19c0215cbc35444d4b77c2aa0842a86973c0621a822
	docker-compose.yml	100644	82d4055bc44dfd02f4cc62948ceedea4ce517fcb31954315544155d17f0b04ad
	schema_rbac.sql	100644	5c07a72e459f98154f1c5d6db815389bf42aae4bcb9e4a47293e45aa4f1a53a2
