manifest	f537d13907a24b08292ee454b2c3998bf7e3f7b5d1c998c5c04ef7401316a678	-
	.github/workflows/ci.yml	100644	6854bde1988f4b8ffa9074c235c1bb02f11c3a73dbd31f30135eca50e96961a0
	backend/scripts/dump_ws_contract.py	100644	4371a4e1cfb08e02e7efed038c32c2e517e00ec2161336ad3f442bfd03dcbfef
	backend/services/brain_ws_contract.py	100644	43caf868e6296e6554bd6773ed281d382a7aeb88380198bfc5949488d690d72b
	backend/tests/test_dump_ws_contract.py	100644	ab97a6c84e8ae33fad2ac9ef10ec9973f99d98479abefc38d31ba100614b88b7
	backend/tests/test_ws_contract.py	100644	0430c162e42fab9e346ef0916261d76b84ea80c636996f01ccf21a737c6a47ea
	frontend/eslint.config.js	100644	4ca00cfb707221f70797c85688f382a6a5e8eaff60f52ce764229abe4d69f402
	frontend/package-lock.json	100644	c24433b9e3a44a89242c63c4c0ee61407de5099f4063f3b6cc2d016e98d25815
	frontend/package.json	100644	dd5ef0748e2e9e783004c76543061b8bb15f77716e2a45aef08067d00f449972
	frontend/scripts/check-api-types.mjs	100644	96ae0e294c73859803d338f1610de06ce705930eefab0b421ec6bd51e30c7ab4
	frontend/scripts/check-ws-types.mjs	100644	86fc0ea517c6ad3727d0cf972dcd6f39e6385769c2d4d9aa80e46240e261e6ce
	frontend/src/pages/BrainPage.tsx	100644	9ee54f0d7f9283144c87d337e0168879383f7a483e580678ce27ee10ad6f386c
	frontend/src/types/ws-contract.d.ts	100644	f2f76cac6c0ff5bec1f2aa7028f19ee57acfaac3b5ca7f6acf993009a59822ca
	scripts/validate_repo_contract.py	100755	a2b4162fb6af23e2dc9f9f09501bd82898bb8127191229b304348873b7d02d68
	ws-contract.json	100644	ca45a614c93ad90c5998a3534208bb33015fbabbf7afa1dcffc3768bd3f3709f
